{"advance_i": 0.00016421874170191586, "advance_j": 0.0001529805886093527, "advance_s": 0.00021913521050009876, "_runtime": 3280, "_timestamp": 1644173366, "_step": 3601, "train loss": 0.0014980051200836897, "train match": 1.0, "s_g_average": 1.0, "average_shift": 0.0, "final train accuracy": 1.0, "validation match": 1.0, "s_g_average_val": 1.0, "average_shift_val": 0.0, "final validation accuracy": 1.0, "test_accuracy": 0.0, "test average accuracy": 0.9924113647401651, "test average shift": 0.40625, "_wandb": {"runtime": 3280}}