{"advance_i": 0.3079163730144501, "advance_j": 0.31638917326927185, "advance_s": 0.316611647605896, "_runtime": 79, "_timestamp": 1643927933, "_step": 11, "train loss": 4.524646759033203, "train match": 0.03125, "s_g_average": 0.547060077193833, "average_shift": 4.21875, "final train accuracy": 0.125, "validation match": 0.03125, "s_g_average_val": 0.5515868983561784, "average_shift_val": 21.09375, "final validation accuracy": 0.0625, "_wandb": {"runtime": 80}}