{"advance_i": 0.3741830587387085, "advance_j": 0.7764759063720703, "advance_s": 0.49232614040374756, "_runtime": 33, "_timestamp": 1643928596, "_step": 0, "_wandb": {"runtime": 43}}