{"s": 0.6463887095451355, "i": 0.6518614888191223, "j": 0.4796272814273834, "advance": 0.28509172797203064, "_runtime": 1108, "_timestamp": 1643029453, "_step": 696, "train loss": 1.8505806922912598, "train match": 1.0, "s_g_average": 0.745357907647478, "average_shift": 2.84375, "validation match": 1.0, "s_g_average_val": 0.6569876395534292, "average_shift_val": 3.0, "_wandb": {"runtime": 1108}}