{"s": 0.18728870153427124, "i": 0.07375970482826233, "j": 0.26763612031936646, "advance_i": 0.00039629501407034695, "advance_j": 0.0004334883124101907, "advance_s": 0.0010786923812702298, "_runtime": 16972, "_timestamp": 1644012025, "_step": 12001, "train loss": 0.5399958491325378, "train match": 1.0, "s_g_average": 1.0, "average_shift": 0.0, "final train accuracy": 1.0, "validation match": 0.0, "s_g_average_val": 0.990582191780822, "average_shift_val": 0.1875, "final validation accuracy": 0.96875, "test_accuracy": 0.0625, "average accuracy": 0.5047948649772326, "average shift": 11.125, "_wandb": {"runtime": 16968}}