{"s": 1.1315512657165527, "i": 1.1284013986587524, "j": 1.119749903678894, "advance": 0.27545323967933655, "_runtime": 57, "_timestamp": 1643362027, "_step": 10, "train loss": 4.453858852386475, "train match": 1.0, "s_g_average": 0.4440611369839312, "average_shift": 3.125, "validation match": 1.0, "s_g_average_val": 0.46232436012452455, "average_shift_val": 2.375, "_wandb": {"runtime": 58}}