{"s": 0.30226975679397583, "i": 0.28209489583969116, "j": 0.46934133768081665, "advance": 0.1818341612815857, "_runtime": 6304, "_timestamp": 1643473713, "_step": 9523, "train loss": 1.4251646995544434, "train match": 1.0, "s_g_average": 0.9263462232212233, "average_shift": 0.375, "validation match": 1.0, "s_g_average_val": 0.6665924216499874, "average_shift_val": 1.90625, "_wandb": {"runtime": 6304}}