{"s": 0.5910952687263489, "i": 0.5086144804954529, "j": 0.41527852416038513, "advance": 0.19840319454669952, "_runtime": 6951, "_timestamp": 1643369174, "_step": 9658, "train loss": 1.6769603490829468, "train match": 1.0, "s_g_average": 0.7656371406371406, "average_shift": 1.875, "validation match": 1.0, "s_g_average_val": 0.7575282173966384, "average_shift_val": 1.9375, "_wandb": {"runtime": 6952}}