{"s": 1.10230553150177, "i": 1.3205277919769287, "j": 1.2532763481140137, "advance_i": 0.3278636932373047, "advance_j": 0.33258548378944397, "advance_s": 0.30440250039100647, "_runtime": 63, "_timestamp": 1644180809, "_step": 3, "train loss": 7.652435302734375, "train match": 0.09375, "s_g_average": 0.49145866133458055, "average_shift": 4.90625, "final train accuracy": 0.09375, "validation match": 0.15625, "s_g_average_val": 0.48149450376012876, "average_shift_val": 1.1875, "final validation accuracy": 0.09375, "validation match [manual]": 0.09375, "s_g_average_val [manual]": 0.4466984838078588, "final validation accuracy [manual]": 0.21875, "_wandb": {"runtime": 72}}