{"advance_i": 0.03326273337006569, "advance_j": 0.03345484659075737, "advance_s": 0.08937349915504456, "_runtime": 3494, "_timestamp": 1643910383, "_step": 3601, "train loss": 0.14275765419006348, "train match": 0.96875, "s_g_average": 0.9947916666666666, "average_shift": 0.09375, "final train accuracy": 0.96875, "validation match": 0.0, "s_g_average_val": 0.9874213124560941, "average_shift_val": 0.9375, "final validation accuracy": 0.90625, "test_accuracy": 0.0625, "average accuracy": 0.9967672413793104, "average shift": 0.0, "_wandb": {"runtime": 3494}}