{"advance_i": 0.30040499567985535, "advance_j": 0.6518648266792297, "advance_s": 0.45617276430130005, "_runtime": 62, "_timestamp": 1644059754, "_step": 2, "train loss": 4.100639820098877, "train match": 0.125, "s_g_average": 0.5287762380593263, "average_shift": 3.15625, "final train accuracy": 0.125, "validation match": 0.03125, "s_g_average_val": 0.5589673698239898, "average_shift_val": 20.6875, "final validation accuracy": 0.0625, "_wandb": {"runtime": 62}}