{"advance_i": 0.0018802746199071407, "advance_j": 0.00185726722702384, "advance_s": 0.0012588836252689362, "_runtime": 6354, "_timestamp": 1644059470, "_step": 8401, "train loss": 0.004698573146015406, "train match": 1.0, "s_g_average": 1.0, "average_shift": 0.0, "final train accuracy": 1.0, "validation match": 0.0, "s_g_average_val": 0.9893538162268332, "average_shift_val": 0.5, "final validation accuracy": 0.9375, "test_accuracy": 0.03125, "average accuracy": 0.4254026425909207, "average shift": 21.0625, "_wandb": {"runtime": 6350}}