{"advance_i": 0.3914808928966522, "advance_j": 0.37720489501953125, "advance_s": 0.3543979525566101, "_runtime": 130, "_timestamp": 1643927146, "_step": 52, "train loss": 2.4937870502471924, "train match": 0.53125, "s_g_average": 0.587333062077886, "average_shift": 2.15625, "final train accuracy": 0.09375, "validation match": 0.0, "s_g_average_val": 0.5829209070995441, "average_shift_val": 15.4375, "final validation accuracy": 0.03125, "_wandb": {"runtime": 130}}