{"advance_i": 0.001319168135523796, "advance_j": 0.0013539306819438934, "advance_s": 0.0006715531926602125, "_runtime": 3453, "_timestamp": 1643896329, "_step": 3601, "train loss": 0.004011554643511772, "train match": 1.0, "s_g_average": 1.0, "average_shift": 0.0, "final train accuracy": 1.0, "validation match": 0.0625, "s_g_average_val": 0.9854410011007827, "average_shift_val": 1.03125, "final validation accuracy": 0.90625, "test_accuracy": 0.0, "average accuracy": 0.9946120689655172, "average shift": 0.3125, "_wandb": {"runtime": 3449}}