{"s": 0.747150182723999, "i": 0.5619261264801025, "j": 0.6105131506919861, "advance": 0.33465245366096497, "_runtime": 293, "_timestamp": 1643465380, "_step": 387, "train loss": 1.911464810371399, "train match": 1.0, "s_g_average": 0.6616206709956709, "average_shift": 1.59375, "validation match": 1.0, "s_g_average_val": 0.5304505960961553, "average_shift_val": 2.625, "_wandb": {"runtime": 294}}