{"advance_i": 0.3385944366455078, "advance_j": 0.38904285430908203, "advance_s": 0.3313532769680023, "_runtime": 92, "_timestamp": 1643928067, "_step": 23, "train loss": 3.597104072570801, "train match": 0.15625, "s_g_average": 0.4811233063301077, "average_shift": 1.71875, "final train accuracy": 0.28125, "validation match": 0.03125, "s_g_average_val": 0.5145578823012191, "average_shift_val": 10.84375, "final validation accuracy": 0.0, "_wandb": {"runtime": 92}}