{"s": 0.4797975420951843, "i": 0.4096832871437073, "j": 0.5466130375862122, "advance": 0.23781190812587738, "_runtime": 5954, "_timestamp": 1643479724, "_step": 9699, "train loss": 1.6875011920928955, "train match": 1.0, "s_g_average": 0.8374526515151519, "average_shift": 1.3125, "validation match": 1.0, "s_g_average_val": 0.5795572734100695, "average_shift_val": 2.0625, "_wandb": {"runtime": 5955}}