{"s": 0.8358650207519531, "i": 0.8449680209159851, "j": 0.5108835101127625, "advance": 0.2985830307006836, "_runtime": 4079, "_timestamp": 1643027472, "_step": 3609, "train loss": 2.5783987045288086, "train match": 1.0, "s_g_average": 0.7188241548076109, "average_shift": 2.34375, "validation match": 1.0, "s_g_average_val": 0.6469126131543893, "average_shift_val": 1.78125, "_wandb": {"runtime": 4079}}