{"s": 0.7631017565727234, "i": 0.6629764437675476, "j": 0.517444908618927, "advance": 0.2869148254394531, "_runtime": 781, "_timestamp": 1643028318, "_step": 460, "train loss": 2.223447322845459, "train match": 1.0, "s_g_average": 0.6125778709648196, "average_shift": 2.5625, "validation match": 1.0, "s_g_average_val": 0.5017956458745931, "average_shift_val": 2.34375, "_wandb": {"runtime": 781}}