{"advance_i": 0.0010838959133252501, "advance_j": 0.0011695324210450053, "advance_s": 0.0029728093650192022, "_runtime": 2204, "_timestamp": 1643717382, "_step": 3001, "train loss": 0.006836849730461836, "train match": 1.0, "s_g_average": 1.0, "average_shift": 0.0, "validation match": 1.0, "s_g_average_val": 1.0, "average_shift_val": 0.0, "test_accuracy": 1.0, "average accuracy": 0.764497286898949, "average shift": 14.46875, "_wandb": {"runtime": 2204}}