{"advance_i": 0.022436749190092087, "advance_j": 0.0246694665402174, "advance_s": 0.01950215920805931, "_runtime": 4028, "_timestamp": 1644177710, "_step": 3601, "train loss": 0.016215259209275246, "train match": 1.0, "s_g_average": 1.0, "average_shift": 0.0, "final train accuracy": 1.0, "validation match": 1.0, "s_g_average_val": 1.0, "average_shift_val": 0.0, "final validation accuracy": 1.0, "test_accuracy": 0.0, "test average accuracy": 0.9840117585373641, "test average shift": 0.28125, "_wandb": {"runtime": 4029}}