{"s": 0.6087735891342163, "i": 0.5375351309776306, "j": 0.5115585327148438, "advance_i": 0.3116191625595093, "advance_j": 0.31305208802223206, "advance_s": 0.28678321838378906, "_runtime": 1562, "_timestamp": 1643936137, "_step": 980, "train loss": 2.674776792526245, "train match": 0.75, "s_g_average": 0.6776449908343289, "average_shift": 1.71875, "final train accuracy": 0.21875, "validation match": 0.0, "s_g_average_val": 0.6234708919858075, "average_shift_val": 18.4375, "final validation accuracy": 0.03125}