{"s": 0.17582349479198456, "i": 0.08547762781381607, "j": 0.23427310585975647, "advance_i": 0.025551456958055496, "advance_j": 0.026302168145775795, "advance_s": 0.01921173557639122, "_runtime": 9549, "_timestamp": 1644190729, "_step": 4112, "train loss": 0.5528359413146973, "train match": 1.0, "s_g_average": 1.0, "average_shift": 0.0, "final train accuracy": 1.0, "validation match": 1.0, "s_g_average_val": 1.0, "average_shift_val": 0.0, "final validation accuracy": 1.0, "validation match [manual]": 0.46875, "s_g_average_val [manual]": 0.6616041076978577, "final validation accuracy [manual]": 0.375, "validation final accuracy [manual]": 0.0625}