{"s": 1.238383173942566, "i": 1.071808934211731, "j": 1.3278264999389648, "advance": 0.32765039801597595, "_runtime": 229, "_timestamp": 1643316315, "_step": 130, "train loss": 3.786839723587036, "train match": 1.0, "s_g_average": 0.5408656336300008, "average_shift": 5.3125, "validation match": 1.0, "s_g_average_val": 0.5874371744848718, "average_shift_val": 4.3125, "_wandb": {"runtime": 230}}