{"s": 0.7797443270683289, "i": 0.6758435368537903, "j": 0.5912052392959595, "advance": 0.25024184584617615, "_runtime": 1987, "_timestamp": 1643467383, "_step": 3248, "train loss": 2.6850764751434326, "train match": 1.0, "s_g_average": 0.8042604097291598, "average_shift": 1.96875, "validation match": 1.0, "s_g_average_val": 0.6865290822116481, "average_shift_val": 2.59375, "_wandb": {"runtime": 1987}}