{"s": 0.7361053228378296, "i": 0.7227635979652405, "j": 0.6417517066001892, "advance": 0.34955278038978577, "_runtime": 327, "_timestamp": 1643465067, "_step": 442, "train loss": 2.029841661453247, "train match": 1.0, "s_g_average": 0.7325702075702076, "average_shift": 1.9375, "validation match": 1.0, "s_g_average_val": 0.5863310323631047, "average_shift_val": 2.78125, "_wandb": {"runtime": 327}}