{"advance_i": 0.2785741984844208, "advance_j": 0.3045482337474823, "advance_s": 0.28146666288375854, "_runtime": 120, "_timestamp": 1643927281, "_step": 25, "train loss": 4.0668745040893555, "train match": 0.0625, "s_g_average": 0.4962221805971805, "average_shift": 3.4375, "final train accuracy": 0.09375, "validation match": 0.0, "s_g_average_val": 0.5049291746985551, "average_shift_val": 13.875, "final validation accuracy": 0.0, "test_accuracy": 0.03125, "average accuracy": 0.5384781962684926, "average shift": 11.5625, "_wandb": {"runtime": 119}}