{"advance_i": 0.008610943332314491, "advance_j": 0.010477437637746334, "advance_s": 0.007926324382424355, "_runtime": 3275, "_timestamp": 1644167701, "_step": 3601, "train loss": 0.02290871925652027, "train match": 1.0, "s_g_average": 1.0, "average_shift": 0.0, "final train accuracy": 1.0, "validation match": 0.96875, "s_g_average_val": 0.9893575851393189, "average_shift_val": 0.0625, "final validation accuracy": 0.96875, "test_accuracy": 0.0, "test average accuracy": 0.9842672413793104, "test average shift": 0.9375, "_wandb": {"runtime": 3275}}