{"advance_i": 0.3366853594779968, "advance_j": 0.7243757843971252, "advance_s": 0.46581509709358215, "_runtime": 34, "_timestamp": 1643928443, "_step": 0, "_wandb": {"runtime": 45}}