{"advance_i": 0.29262253642082214, "advance_j": 0.33562785387039185, "advance_s": 0.2840934097766876, "_runtime": 93, "_timestamp": 1643928277, "_step": 23, "train loss": 3.956616163253784, "train match": 0.09375, "s_g_average": 0.4440776390684478, "average_shift": 2.6875, "final train accuracy": 0.15625, "validation match": 0.03125, "s_g_average_val": 0.5185393705864753, "average_shift_val": 10.5, "final validation accuracy": 0.0, "_wandb": {"runtime": 93}}