{"s": 0.6701884269714355, "i": 0.5855123996734619, "j": 0.5072211623191833, "advance": 0.2794809341430664, "_runtime": 1148, "_timestamp": 1643323064, "_step": 1239, "train loss": 1.7389545440673828, "train match": 1.0, "s_g_average": 0.5891596837598675, "average_shift": 2.40625, "validation match": 1.0, "s_g_average_val": 0.5654028993667151, "average_shift_val": 2.1875, "_wandb": {"runtime": 1143}}