{"advance_i": 0.0015075001865625381, "advance_j": 0.001576080801896751, "advance_s": 0.0020740500185638666, "_runtime": 3551, "_timestamp": 1644063369, "_step": 4792, "train loss": 0.00566489715129137, "train match": 1.0, "s_g_average": 1.0, "average_shift": 0.0, "final train accuracy": 1.0, "validation match": 0.0, "s_g_average_val": 0.5098227689030596, "average_shift_val": 15.53125, "final validation accuracy": 0.03125}