{"s": 0.08368807286024094, "i": 0.052702657878398895, "j": 0.3579001724720001, "advance": 0.039237942546606064, "_runtime": 3581, "_timestamp": 1643464709, "_step": 5375, "train loss": 0.7665280103683472, "train match": 1.0, "s_g_average": 0.9362452651515153, "average_shift": 0.53125, "validation match": 1.0, "s_g_average_val": 0.5456794918349196, "average_shift_val": 2.9375, "_wandb": {"runtime": 3580}}