{"advance_i": 0.30175039172172546, "advance_j": 0.33643192052841187, "advance_s": 0.2979942560195923, "_runtime": 93, "_timestamp": 1643927795, "_step": 23, "train loss": 3.8197693824768066, "train match": 0.03125, "s_g_average": 0.4799938938931296, "average_shift": 2.28125, "final train accuracy": 0.125, "validation match": 0.03125, "s_g_average_val": 0.5193362345832775, "average_shift_val": 10.125, "final validation accuracy": 0.03125, "_wandb": {"runtime": 93}}