{"advance_i": 0.0009230903815478086, "advance_j": 0.0009827897883951664, "advance_s": 0.001781166298314929, "_runtime": 2430, "_timestamp": 1643724578, "_step": 3601, "train loss": 0.001784543739631772, "train match": 1.0, "s_g_average": 1.0, "average_shift": 0.0, "validation match": 1.0, "s_g_average_val": 0.9908088235294118, "average_shift_val": 0.15625, "test_accuracy": 1.0, "average accuracy": 0.808913147297401, "average shift": 10.53125, "_wandb": {"runtime": 2427}}