{"s": 1.377287745475769, "i": 1.6603351831436157, "j": 1.5674285888671875, "advance_i": 0.3973589837551117, "advance_j": 0.4091162383556366, "advance_s": 0.3855029046535492, "_runtime": 75, "_timestamp": 1643928824, "_step": 1, "train loss": 8.789987564086914, "train match": 0.0625, "s_g_average": 0.42405775647963145, "average_shift": 2.0625, "final train accuracy": 0.0, "_wandb": {"runtime": 112}}