{"s": 1.201806664466858, "i": 1.1983799934387207, "j": 0.5911348462104797, "advance": 0.3335854113101959, "_runtime": 209, "_timestamp": 1643023166, "_step": 142, "train loss": 3.084068536758423, "train match": 1.0, "s_g_average": 0.5446008852258851, "average_shift": 4.78125, "validation match": 1.0, "s_g_average_val": 0.6020205078182052, "average_shift_val": 3.96875, "_wandb": {"runtime": 209}}