{"advance_i": 0.011025100015103817, "advance_j": 0.011201184242963791, "advance_s": 0.011354074813425541, "_runtime": 1364, "_timestamp": 1643800406, "_step": 1679, "train loss": 0.12641188502311707, "train match": 0.96875, "s_g_average": 0.9953125, "average_shift": 0.09375, "validation match": 0.96875, "s_g_average_val": 0.9854513351393189, "average_shift_val": 0.0625, "_wandb": {"runtime": 1363}}