{"advance_i": 0.0005495924269780517, "advance_j": 0.000525771698448807, "advance_s": 0.0007671546190977097, "_runtime": 3506, "_timestamp": 1643915447, "_step": 3601, "train loss": 0.001627584220841527, "train match": 1.0, "s_g_average": 1.0, "average_shift": 0.0, "final train accuracy": 1.0, "validation match": 0.0, "s_g_average_val": 0.9930302868150684, "average_shift_val": 0.5, "final validation accuracy": 0.9375, "test_accuracy": 0.0, "average accuracy": 0.9921120689655173, "average shift": 0.375, "_wandb": {"runtime": 3506}}