{"s": 0.21190747618675232, "i": 0.08460550010204315, "j": 0.29093822836875916, "advance_i": 0.002794612431898713, "advance_j": 0.002627459354698658, "advance_s": 0.003033161163330078, "_runtime": 5522, "_timestamp": 1643934445, "_step": 3601, "train loss": 0.627167820930481, "train match": 1.0, "s_g_average": 1.0, "average_shift": 0.0, "final train accuracy": 1.0, "validation match": 0.0, "s_g_average_val": 0.9622274310713245, "average_shift_val": 2.4375, "final validation accuracy": 0.75, "test_accuracy": 0.03125, "average accuracy": 0.521678948398744, "average shift": 9.46875, "_wandb": {"runtime": 5523}}