{"advance_i": 6.328100425889716e-05, "advance_j": 6.423315062420443e-05, "advance_s": 5.623549077427015e-05, "_runtime": 11008, "_timestamp": 1644025587, "_step": 12001, "train loss": 0.00017870639567263424, "train match": 1.0, "s_g_average": 1.0, "average_shift": 0.0, "final train accuracy": 1.0, "validation match": 0.0, "s_g_average_val": 1.0, "average_shift_val": 0.0, "final validation accuracy": 1.0, "test_accuracy": 0.0625, "average accuracy": 0.5138259353752515, "average shift": 14.6875, "_wandb": {"runtime": 11008}}