{"advance_i": 0.00015640846686437726, "advance_j": 0.0001448830298613757, "advance_s": 0.0001883389486465603, "_runtime": 3365, "_timestamp": 1643803797, "_step": 3601, "train loss": 0.0004192841297481209, "train match": 1.0, "s_g_average": 1.0, "average_shift": 0.0, "validation match": 0.0, "s_g_average_val": 1.0, "average_shift_val": 0.0, "test_accuracy": 0.0, "average accuracy": 0.9962284482758621, "average shift": 0.21875, "_wandb": {"runtime": 3365}}