{"advance_i": 0.33895769715309143, "advance_j": 0.3698393702507019, "advance_s": 0.3671121895313263, "_runtime": 114, "_timestamp": 1643927573, "_step": 25, "train loss": 3.4439826011657715, "train match": 0.03125, "s_g_average": 0.5185728516731805, "average_shift": 2.15625, "final train accuracy": 0.15625, "validation match": 0.03125, "s_g_average_val": 0.523461352542655, "average_shift_val": 15.53125, "final validation accuracy": 0.0, "test_accuracy": 0.03125, "average accuracy": 0.5450129418340168, "average shift": 12.65625, "_wandb": {"runtime": 114}}