{"advance_i": 0.00017453785403631628, "advance_j": 0.00019113266898784786, "advance_s": 0.0002645210479386151, "_runtime": 3165, "_timestamp": 1644164395, "_step": 3454, "train loss": 0.0009034136310219765, "train match": 1.0, "s_g_average": 1.0, "average_shift": 0.0, "final train accuracy": 1.0, "validation match": 0.3125, "s_g_average_val": 0.6123829885016515, "average_shift_val": 3.15625, "final validation accuracy": 0.1875, "_wandb": {"runtime": 3162}}