{"s": 0.5230712294578552, "i": 0.4203639030456543, "j": 0.4195226728916168, "advance": 0.21504227817058563, "_runtime": 4574, "_timestamp": 1643327757, "_step": 4951, "train loss": 1.5040639638900757, "train match": 1.0, "s_g_average": 0.7153660141941391, "average_shift": 2.03125, "validation match": 1.0, "s_g_average_val": 0.5698555213974621, "average_shift_val": 2.90625, "_wandb": {"runtime": 4574}}